{"cameraMode":{"drawMode":0,"name":"Shaded","section":"Shading Mode"},"sceneLighting":true,"audioPlay":false,"sceneViewState":{"m_AlwaysRefresh":false,"showFog":true,"showSkybox":true,"showFlares":true,"showImageEffects":true,"showParticleSystems":true,"showVisualEffectGraphs":true,"m_FxEnabled":true},"in2DMode":false,"pivot":{"x":4.939968585968018,"y":1.2200002670288087,"z":-0.35322317481040957},"rotation":{"x":0.00015049640205688775,"y":0.9949530959129334,"z":-0.10033077001571655,"w":0.0014924297574907542},"size":4.332212448120117,"orthographic":false}